start	end	text
0	4200	You can sense electricity with the finger, but that's pain.
4200	7680	That's not the electroreception.
7680	8680	So don't try things.
11400	17680	Yeah, so I use this article, because at first,
17680	19720	I think it's very interesting.
19720	22800	When I first read the article, I don't know about anything
22800	25280	about electroreception.
25280	30560	And then it's because it has a good, how to say,
30560	33520	lot of electrophysiology results.
33520	38520	So it's a good example to learn about ion channel.
38520	42360	So it's called the molecular basis of ancestral vertebrate
42360	45240	electroreception.
45240	51760	It's a very famous professor that introduced in the field
51760	54160	of ion channel.
54160	59040	So it's an article that was published in Nature in Africa
59040	60040	a few years ago.
66520	70280	Talk about electroreception.
70280	71840	So what is electroreception?
71840	77360	So these animals are all electro-sensitized.
77360	80840	So they can all feed the electricity.
80840	84200	Even a small amount of electricity they can feed.
84200	87800	This one, not only detects, has electroreception,
87800	93360	but it also can discharge a very strong electric shock.
93360	95840	If you are in the sea, don't touch it.
95840	99880	Otherwise, you will feel big pain.
99880	102480	So you have fish, amphibian, bees,
102480	107440	also all kind of animals that can feed electroreception.
107440	109680	One of the reasons is probably because they
109680	113040	don't have a clear vision, especially for the fish
113040	119880	in the water, or there are night-living animals.
119880	122680	And it's used for hunting, or escape,
122680	125000	and even for navigation.
125000	128240	And for some of them, elephant news fish,
128240	132240	an electric torpedo ray, is for communication.
132240	136040	They communicate with each other between the species.
136040	141080	Because this elephant news fish is a weak electric fish.
141080	145600	So it can generate some electric shock, but very small,
145600	152320	just to communicate with pairs, also torpedo ray.
152320	156680	So in term of electroreception, just a brief introduction
156680	158360	about electroreception.
158360	162480	So you have to type passive electroreception,
162480	165520	like the shark in the paper.
165640	168960	Just perceive the low-frequency environmental
168960	173760	electric activity, or active electroreception,
173760	176160	is the perception of distortion.
176160	180640	High-frequency shark generate electric feed.
180640	185920	So some fish, like this one, or this one,
185920	191920	can generate electric pulse with high frequency,
191920	194120	with high level, or small level, and this
194120	200400	helps for them to communicate, or to locate something.
200400	204200	So electro-location, social communication,
204200	209280	through active electric charge, this charge.
209280	218080	And in the article, they talk, they use the shark, kind of shark,
218080	222440	and they talked about an organ that is here,
222440	227200	and it's called the, not an organ, but a small duct,
227200	229800	that's called the ampullae of Lorenzini.
229800	232880	So these fishes that have an electro-sensation
232880	237880	have a big network of ampullae of Lorenzini,
237880	243240	and this is a small structure in fishes.
243240	250120	You can see the pulse over here, that detect electric field.
250120	253000	So it can help the fish to navigate,
253000	256200	and when it's not so far, quite close,
256200	260640	it can help the fish to catch the prey.
260640	263080	And this is the structure they have been studying.
263080	267000	So this is the ampullae of Lorenzini, very briefly.
267000	272720	So it's a simple, small aperture here in the epidermis.
272720	275000	So it makes a small tube like this,
275000	276720	and at the bottom of the tube, you
276720	279840	have cells that are located.
279840	282920	And these are the electro-receptor cells.
282920	288960	And of course, they are connected to axon from NERVs.
288960	293200	And they detect the small change in electricity,
293200	297240	and they send, they can transmit,
297240	302280	they can transmit that, they can transmit the information
302280	304120	to the central nervous system.
304120	308640	And you have support cells here that help these cells to lead.
308640	310280	And you have different morphologies
310280	316680	of this ampullae of Lorenzini, depending on the animals.
316680	322720	Some are open like this, some are closed like this,
322720	326120	some are almost outside.
326120	333400	So you have different morphology in this ampullae.
333400	337800	And this is another from Scientific American,
337840	340240	another illustration.
340240	342680	This is the aperture here.
342680	346760	You have a gel, kind of gel.
346760	351240	The gel is mainly made of water with glycoproteins
351240	352560	that are charged.
352560	358880	And the gel has some semiconductor properties.
358880	365600	And at the end of the gel, you have the cells.
365600	369000	And the cells have a little bit of their plasma membrane
369000	371400	in contact with the gel.
371400	374320	And when you have the electric current coming here,
374320	379640	they can detect this very small change in electric field,
379640	384040	and they will transmit the information to the nerves.
384040	391560	So the ampullae of Lorenzini was found many, many years ago.
391560	394760	But nobody knew exactly how the things
394760	401880	was working, how, what was the mechanism of this detection.
401880	402360	OK?
405160	410320	So that's exactly what the Juggist group
410320	414000	would also try to find the molecular basis of the mechanism
414000	415680	of electroreception.
415680	416680	OK?
416680	424280	So what basically, what they found?
435040	438640	Yeah, there's a coupling between two proteins.
438640	441640	What about these two proteins?
441720	445800	That's B, S.
445800	446800	Channels.
446800	447300	OK.
447300	447800	OK.
447800	451800	So it's the work between two channels.
451800	452800	OK.
452800	454800	One is?
454800	458800	S, C, V, S, C, and V.
458800	461280	C, and V.
461280	462280	1.3.
462280	463280	1.3.
463280	465200	And the other one is?
465200	466200	BK.
466200	467200	OK.
467200	469200	OK.
469240	473200	This is just Channels' name, so what?
473200	477200	What is the characteristic of C, V, 1.3?
485200	487200	Yeah, but more general.
487200	490200	What is the C, V, 1.3?
490200	493200	C, V, 1.3?
493200	494200	It's a calcium.
494200	496200	Calcium, Channels.
500200	501200	Channels.
501200	503200	OK.
503200	511200	And it's voltage and heat.
511200	512200	OK.
512200	519200	And as we said, it's very low voltage change.
519200	520200	OK.
520200	532200	And BK is a potassium channel.
532200	534200	OK.
534200	540200	And it's voltage activated.
540200	542200	OK.
542200	546200	V is for V. OK.
547200	553200	That's a lot of potassium to pass through the channel.
553200	554200	OK.
554200	556200	And it also has one characteristic.
556200	564200	It's calcium sensitivity.
564200	565200	OK.
565200	569200	So they have a coupling.
569200	574200	So the calcium coming to the cell.
574200	578200	And it will bind to the BK.
578200	583200	And the BK will let the potassium move out.
583200	584200	OK.
584200	589200	So this will make oscillation of the membrane potential.
589200	594200	Because the influx of calcium will depolarize the cell.
594200	599200	And the influx of potassium will depolarize the cell.
600200	607200	Exactly like what?
607200	609200	Yeah, like an action potential.
609200	610200	OK.
610200	612200	And this is what they show.
612200	613200	OK.
613200	614200	And this is what they show.
614200	616200	But what was special with?
616200	623200	So CID 1.3, human also have.
623200	628200	Human, mouse, many animals have.
628200	630200	We also have.
630200	631200	OK.
631200	633200	So what was special with this?
633200	643200	With the, based on the little scale.
643200	645200	It's kind of sharp.
645200	646200	Yeah.
652200	653200	This one?
653200	654200	Sharp.
654200	655200	No sharp.
656200	660200	OK.
660200	664200	So you only found them here.
664200	672200	In the east, west, east, coast of the US.
672200	675200	East coast.
675200	676200	OK.
676200	679200	Now a very narrow area.
679200	680200	OK.
686200	697200	So what is special with this challenge?
697200	705200	That is not found in human or mouse.
705200	707200	We have the same gene.
707200	714200	But they don't behave the same way our.
714200	715200	No.
715200	716200	Yeah.
716200	717200	Yeah.
717200	720200	They have a special front end.
720200	722200	Make it more sensitive.
722200	723200	Yeah.
723200	724200	Yeah.
724200	725200	That's what they show.
725200	733200	It becomes more sensitive than.
733200	738200	But in their paper, they use icing of the rat.
738200	741200	The rat, CID 1.3.
742200	744200	More sensitive.
744200	747200	Voltage.
747200	755200	Because electron reception is the perception of very small change in the surrounding electrical field.
755200	759200	So evolution.
759200	761200	Give a little custom.
761200	763200	They custom the channel.
763200	766200	And they add a little sequence of a few amino acids.
766200	768200	I see five or six.
768200	770200	We will do later.
770200	776200	So this little change in the amino acid sequence of the channel.
776200	778200	Make them more sensitive.
778200	781200	And provide a new function that we don't have.
781200	783200	Which is electron reception.
783200	785200	And that's the same.
785200	788200	And even for PK in the one or two amino acid.
788200	791200	That was different.
791200	798200	And then it changed the icing of the plant.
798200	803200	There was much less potassium flowing through this channel.
803200	806200	So it changed a little bit.
806200	819200	Not a little bit, but there is a change in the phenotype of the channel behavior.
819200	824200	And this provides a new function.
824200	833200	Or a new sensing system for this fish.
833200	838200	So let's have a look a little bit to the paper.
838200	840200	You can look at the figure.
840200	846200	And just before explaining.
846200	850200	I'll just make a few explanations.
850200	853200	So two channels.
853200	856200	So C and E, 1.3.
856200	866200	So this is a slide that explains just the family of voltage-gated calcium channels.
866200	873200	Sorry, I did L-type, but L-type is just restricted to this group here.
873200	876200	And C and E, 1.3 is here.
876200	880200	And it's called the L-type.
880200	883200	So I will explain this table.
883200	888200	So there are voltage-gated calcium selective channels.
888200	891200	So they only let pass calcium.
891200	898200	So they can discriminate between ions and only calcium will pass through their pores.
898200	905200	So they have very important roles in the relation of synaptic transmission, muscle contraction,
905200	909200	your heart muscle, depending on this kind of channel.
909200	914200	Your skeletal muscle, when you move, depending on these channels.
914200	919200	Hormone secretion, gene expression, and many other functions.
919200	925200	So they have been discovered.
925200	933200	They have a lot of names because of their discovery history.
933200	938200	So they were first discovered as a function by electrophysiology.
938200	943200	So they were classified in two families first.
943200	948200	By just by the measurement of the calcium currents.
948200	963200	So HVA means high V for voltage and A for activator.
963200	967200	And LVA means low voltage activator.
967200	983200	So I haven't explained yet, but I will explain later.
983200	1003200	So when you characterize a channel, you plot what is called the IV curve.
1003200	1023200	The current I, or current, and voltage, the relationship between the current and the voltage.
1023200	1028200	How the currents behave according to the voltage.
1028200	1032200	The voltage dependent of the current.
1032200	1040200	So when you study the channel and you see the result of the channel activity,
1040200	1045200	you always see an IV curve or current voltage relationship.
1045200	1057200	So with voltage in the x-axis and current, usually I,
1057200	1064200	either compare or nano compare.
1064200	1068200	And sometimes, but rarely micro compare.
1068200	1072200	And the voltage in millivolts.
1072200	1079200	And when the researcher tried to measure the channel activity,
1079200	1085200	they will, as we saw last week, they will use the voltage clamp.
1085200	1097200	So using the pipette and the cell and the amplifier will control the voltage
1097200	1100200	and measure the resulting current.
1100200	1111200	So you clamp the voltage at different potential values.
1111200	1119200	So you have the protocol which consists in steps from the holding potential
1119200	1123200	or a resting potential that is usually negative.
1123200	1128200	And then you make a step of, for example, plus 10 millivolts.
1128200	1138200	So minus 18 millivolts, minus 17 millivolts, and so on.
1138200	1147200	And you make steps, and you measure the resulting current.
1147200	1155200	And in the case of the voltage gated calcium channel,
1155200	1159200	you would see always a negative current.
1159200	1166200	You see a current like this.
1166200	1170200	You would see a current developing like this.
1170200	1177200	So here, from the step, you would see an activation.
1177200	1181200	Activation means the channels are opening.
1181200	1185200	The channel here is closed.
1185200	1188200	The channel open.
1188200	1193200	And then the channels, what happen?
1193200	1198200	Open, no, open, inactivate.
1198200	1202200	You have inactivation.
1202200	1205200	So that's what you see inactivation.
1205200	1213200	And this is deactivation.
1213200	1217200	When you come back to the resting potential.
1217200	1225200	So when you see a negative current, what does it mean?
1225200	1234200	It's a cut ion, or it's a positive ion, a calcium, for example, or sodium,
1234200	1237200	that moves into the cell.
1237200	1240200	Negative current, be careful.
1240200	1244200	Negative current is a positive ion that moves into the cell.
1244200	1261200	And what if you see a positive current, what does it mean?
1261200	1269200	It's a positive ion flowing into the cell making a negative current.
1269200	1283200	If you measure a positive current, it's a positive ion that moves out of the cell.
1283200	1291200	The time of the current will give you the direction of the movement of the ion.
1291200	1298200	Positive ion moving in is a negative current.
1298200	1303200	Positive ion moving out is a positive current.
1303200	1311200	And that's the opposite for the problem.
1311200	1319200	In the case of the calcium channel, the signature is always something like this.
1319200	1334200	So you can see the current that is increasing and that some voltage comes to be smaller
1334200	1344200	because of the electrochemical gradient getting preventing the driving force
1344200	1346200	or reducing the driving force.
1346200	1353200	And I become close to the zero line of the voltage.
1353200	1361200	And this is the equilibrium potential, or the reversal potential,
1361200	1366200	which is equal to the equilibrium potential of the branch equation.
1366200	1372200	So I come back to my H, I, A, B, A and low B, A.
1372200	1379200	You can see here, L type, it's an H, B, A.
1379200	1390200	So from the test potential to the resting potential, you have a large, large change
1390200	1394200	from minus 80 to minus 40.
1394200	1398200	So it's a 40 millivolts increase.
1398200	1402200	And then you can see the channel to start to open.
1402200	1407200	That's why there are all H, B, A, so high voltage activator.
1407200	1414200	You need a large potential step to start to see the channel activator.
1414200	1423200	But you have two, you have this family of low B, low voltage activator,
1423200	1432200	which are also called C type, because then using different drugs or toxins,
1432200	1441200	they could differentiate between the H, B, A using the L type, the P2 type,
1441200	1445200	the N type, the R type, and then the C type.
1445200	1452200	And using the pharmacology and more electrochemical characterization.
1452200	1458200	But using the H, B, A, you have a 1.3.
1458200	1463200	So then you have the proteins and you have the genes.
1463200	1469200	And each gene has a different protein name.
1469200	1471200	You have C, A, D, 1.1.
1471200	1474200	And this one is only seen in the skeletal muscle.
1474200	1478200	1.2 is a cardiac and hormone.
1478200	1482200	1.3 is cardiac and other tissue.
1482200	1486200	1.4 is only in the eye.
1486200	1492200	The C, A, D, 2.2 for the P2 and R type, they're all neuronal.
1492200	1495200	They are all for the synaptic transmission.
1495200	1499200	And then you have a special class for the T type because they are tiny
1499200	1505200	and very sensitive to a change of voltage, so low voltage activator,
1505200	1508200	with a small conductance, that's why they call it T type.
1508200	1513200	And you have three genes, C, A, D, 3.1, 3.2, 3.3.
1513200	1522200	They have a lot of functions, sensing transmission, base making, and so on.
1522200	1526200	And this one is a little special, C, A, D, 1.3,
1526200	1530200	because it has also low voltage activator.
1530200	1536200	It already has a shift from the normal or the classical type.
1536200	1541200	They have a shift to more negative potential.
1541200	1544200	Okay?
1544200	1547200	And there are structures and something like this.
1547200	1552200	So the alpha subunit or the C, A, D subunit is the pore.
1552200	1559200	And then you have accessory proteins, beta, gamma, alpha to delta.
1559200	1564200	Okay? And they are also encoded by different genes, so they make different combinations.
1564200	1570200	Okay? And the low NDA has only one pore subunit
1570200	1574200	and no associated protein that has been yet discovered.
1574200	1576200	Okay?
1576200	1578200	That's the short introduction of this channel.
1578200	1582200	So that's the first channel that was described in the paper.
1582200	1585200	Okay? So they described this here with 1.3.
1585200	1588200	So that's the small introduction of the channel.
1588200	1596200	And the second channel that was described is the EK channel,
1596200	1603200	the problem of the channel is they have a lot of names for the same channel.
1603200	1607200	So they are called EK, but the protein is K-cal-1,
1607200	1612200	and the gene is K-C-M-N-E-1, or even slower.
1612200	1618200	So when you study channels, you have to remember all these names,
1618200	1621200	a little bit annoying, but you get used to it.
1621200	1625200	Okay? So one is the first name they got.
1625200	1631200	Okay? So the voltage gets a potassium channel, so it detects potassium.
1631200	1635200	Okay? The calcium activates the potassium channel.
1635200	1641200	So with the structure, there is a calcium binding pocket.
1641200	1647200	So the calcium is bound, and the channel is more activated.
1647200	1650200	Without calcium, the channel is functional,
1650200	1655200	but at a range of voltage that are non-disiological.
1655200	1663200	Okay? So if you have calcium, you can see that the activation is shifted to more negative,
1663200	1666200	and then you have a functional calcium.
1666200	1670200	So they usually function as a pair.
1670200	1676200	The calcium channel provides the calcium for the potassium channel to be activated,
1676200	1681200	or the potassium is dissolved, and then this will inhibit the channel.
1681200	1685200	So it will feedback loop. Okay?
1685200	1692200	They work together, and that enables some oscillatory behavior of the membrane potential.
1692200	1698200	And you can see that the channel is mostly studied at the single channel IP.
1698200	1703200	Okay? I will compact this in a little bit.
1703200	1706200	Okay? So that's the two channels.
1706200	1713200	And then there are a few scenes that we will see in the paper.
1713200	1717200	We will see this in the paper.
1717200	1720200	Okay.
1720200	1724200	Okay, so just have a look at the figure.
1724200	1727200	And let's try to understand what they did.
1727200	1731200	Okay? That's the little skate.
1731200	1735200	Okay? That's the fish model.
1735200	1738200	Okay? Have you seen in real?
1738200	1741200	Okay? That's look like this.
1741200	1745200	And you see they stay on each line here.
1745200	1751200	What we present each line is the nerve that leads to the ampullae of Lorenzini.
1751200	1753200	Okay? That's the mouse.
1753200	1760200	So you can see that it has a large network of ampullae of Lorenzini just around the mouse.
1760200	1766200	So it's helped the fish to localize precisely where is the prey.
1766200	1770200	Okay? What they did? What is this?
1776200	1778200	Yeah, that's the duck.
1778200	1782200	And here you have the cells.
1782200	1787200	And what is the lines here?
1787200	1790200	That's the nerve.
1790200	1792200	So they desiccate.
1792200	1797200	When you do biology, you have the biological sample, you have desiccate.
1797200	1803200	So they desiccate the ampullae of Lorenzini of the little skate.
1803200	1810200	And then they mechanically and enzymatically desiccate the ampullae
1810200	1816200	and got the small receptor cells on a culture dish.
1816200	1824200	Okay? And from these cells, they could perform the particular experiments
1824200	1827200	and that's what they need here.
1827200	1829200	Okay?
1829200	1837200	So, what is this?
1837200	1840200	This is the, this is the folder.
1840200	1842200	The voltage.
1842200	1843200	The axis.
1843200	1845200	What is this?
1845200	1847200	The current pair.
1847200	1850200	Ah, to cooperate and explain later.
1850200	1853200	What is this?
1853200	1858200	This is the current voltage current.
1858200	1863200	It's not exactly the current voltage curve because they use the capacitance.
1863200	1874200	Why they use the capacitance?
1874200	1880200	If you remember what is the electrical capacitance?
1880200	1884200	What is the capacitance?
1884200	1897200	The charge separation and it's directly proportional to the surface.
1897200	1903200	If you look at the formula of the capacitance, it's directly proportional to the surface.
1903200	1910200	So the capacitance gives you a cell with a large capacitance.
1910200	1913200	Large cell?
1913200	1918200	Large cell. And a cell with a small capacitance.
1918200	1919200	Small cell.
1919200	1920200	Small cell. Okay?
1920200	1925200	So, you can measure the capacitance by electrophysiology.
1925200	1927200	Using the patch ground.
1927200	1932200	You can measure the capacitance because you have these peaks.
1932200	1934200	When you do the whole cell.
1934200	1937200	You measure the capacitance so it gives you an indication of the cell size.
1937200	1940200	So if you want to normalize your current.
1940200	1946200	Because larger cells will have larger current and small cells will have more currents.
1946200	1951200	So to normalize this, they use the capacitance.
1951200	1959200	So that's why they divide their current result by the capacitance of each cell.
1959200	1964200	And then they measure the current.
1964200	1969200	So how they pull from this recording.
1969200	1971200	This is the recording.
1971200	1974200	How they plot this graph.
1974200	1977200	They measure the intensity of the current.
1977200	1980200	So they have a voltage protocol.
1980200	1988200	You can see this is the voltage protocol from the resting potential to each potential.
1988200	1993200	The green line here represents the minus 55 voltage.
1993200	1999200	The blue line represents the minus 45 millivolts.
1999200	2005200	And you can see here, when they are at minus 15 millivolts.
2005200	2008200	They can measure here a small current.
2008200	2014200	And when they are minus 45, they record a larger current.
2014200	2019200	So they measure the difference between the resting state.
2019200	2025200	They measure either the maximum current or the steady state current.
2025200	2028200	I guess they measure the maximum current.
2028200	2033200	So then they can plot at minus 55, then they will be here.
2033200	2035200	Minus 55, I don't know where it is.
2035200	2037200	It's around here.
2037200	2040200	So they can plot.
2040200	2042200	And then the current is changing.
2042200	2045200	She can be like this.
2045200	2050200	So they have a current that is first megaheat.
2050200	2054200	And then they come back to the full heat.
2054200	2060200	That's a direct signature of an ion that is flowing into the cell.
2060200	2067200	And the condition they use, if you remember what we discussed last week,
2067200	2073200	they can control the ionic condition in the cell and outside the cell.
2073200	2076200	They have a lot of calcium outside.
2076200	2077200	They could season.
2077200	2079200	Why they could season?
2079200	2085200	Because season prevents the potassium channel to work.
2085200	2089200	So the season blocks the potassium channel naturally.
2089200	2092200	So they can isolate one type of conductance.
2092200	2100200	It's a trick that is used in exo-physiology to isolate one specific type of ion conductance.
2100200	2102200	So what they measure?
2102200	2106200	There is a current that is activated at low voltage.
2106200	2110200	And then there is a reversal and positive current.
2110200	2116200	So that's already a small indication that some ions are going inside.
2116200	2118200	This is probably calcium.
2118200	2123200	So to be sure that it's calcium,
2123200	2131200	they use a lot of pharmaceutical evidence.
2131200	2141200	So they took the maximum current and they compare the control over the treatment.
2141200	2142200	So the drug.
2142200	2145200	That's why it's one for the control.
2145200	2149200	Before the treatment and after the treatment,
2149200	2152200	the control doesn't change the state to what?
2152200	2153200	It's a ratio.
2153200	2158200	And then they add different molecules or ions.
2158200	2165200	Cadmium is an ion that will block calcium conductance mainly.
2165200	2167200	Cobalt also.
2167200	2170200	They completely block the conductance.
2170200	2172200	But they are not selective.
2172200	2176200	They can block a lot of different conductance.
2176200	2179200	Then they use what is called the BAKA.
2179200	2183200	BAKA is an agonist.
2183200	2186200	They will open all the channels at the same time.
2186200	2189200	And you can see they have an increase.
2189200	2192200	And BAKA is specific for L-type.
2192200	2196200	They use nipenicine, pneumoniae.
2196200	2200200	These are few drugs that I use by the pharma industry
2200200	2206200	and by medical doctors to treat hypertension or cardiac disease
2206200	2210200	by targeting specifically L-type calcium channel.
2210200	2215200	And you can see that there is a strong reduction of the current.
2215200	2219200	The current is only reduced.
2219200	2221200	Then they use toxin.
2221200	2227200	These are toxins that are found in scorpion or spiders.
2227200	2239200	And I think that the application of alpha toxin or phenotoxin
2239200	2242200	does not block the channel.
2242200	2246200	And these are the blockers of the TQ and N-channel.
2246200	2249200	So they try to see the different channels.
2249200	2254200	Then they use nipenicine or low concentration of nickel
2254200	2258200	to block the TQ and N-channel.
2258200	2261200	And you see that it does not block the channel.
2261200	2265200	And last, if you step on the toxin.
2265200	2268200	You know what the step on the toxin is.
2268200	2271200	How much are you buying?
2271200	2275200	It's a fish and it blocks.
2275200	2279200	So I am trying to understand that.
2279200	2282200	And you see that there is no effect.
2283200	2286200	So, do you understand?
2286200	2289200	So this is a little evidence.
2289200	2291200	It's probably calcium channel.
2291200	2295200	And this is a more stronger evidence.
2295200	2300200	That is the calcium channel that is probably L-type.
2300200	2302200	It's not sodium channel.
2302200	2304200	It's not T-type.
2304200	2309200	And then they measure this curve.
2309200	2314200	It's a little bit more difficult.
2327200	2334200	These two curves are called the G- or G-max.
2334200	2338200	It's called activation.
2338200	2344200	It's the fraction of channel that are activated at each voltage.
2344200	2350200	Half of the channels are activated at maybe minus 40 or minus 50.
2350200	2353200	And then all the channels are activated.
2353200	2357200	And this is what is called inactivation curve.
2357200	2359200	I over I max.
2359200	2363200	So it's the fraction of channel that are closing.
2363200	2367200	And it blocks both curves together.
2367200	2374200	You have here what is called the window current.
2374200	2381200	There is a fraction of channels that are always open in this range of voltage.
2381200	2385200	It makes a passive influx of calcium inside the cell.
2385200	2388200	It's called the window current.
2388200	2396200	Like window.
2396200	2406200	So how to calculate the confidence?
2406200	2415200	The confidence is the reverse of the...
2415200	2426200	The confidence is the resistance.
2426200	2443200	The confidence is...
2443200	2449200	So this you can measure, this you know, so you can calculate the confidence.
2449200	2454200	And the voltage is...
2454200	2459200	This is supposed to be the...
2459200	2467200	Thank you.
2467200	2471200	And it's the Siemens.
2471200	2478200	So from this graph, you can plot this one.
2478200	2482200	And G max is at the maximum.
2482200	2487200	So you normalize by G max and then you take 1.
2487200	2499200	And for this one, you need to make another type of protocol.
2499200	2504200	You need to make a first depurization, a long depurization.
2504200	2509200	And then you deactivate a different potential.
2509200	2511200	And you obtain what is called the tail current.
2511200	2516200	And from the tail current, you can enjoy the activation curve.
2516200	2518200	Okay?
2518200	2520200	Yes?
2520200	2524200	Is the resting potential always the same?
2524200	2526200	No, no, no.
2526200	2535200	Yeah, so this is the resting potential.
2535200	2544200	So they are all inactivated and they are all closed.
2544200	2550200	Ah, so.
2550200	2561200	Yeah, the resting potential...
2561200	2569200	So the resting potential in a cell at a physiological condition depends on the cell type.
2569200	2574200	So for example, for a new role, it's usually minus 60 millivolts.
2574200	2579200	At this potential, most of the channels are just white.
2579200	2581200	They are just closed.
2581200	2583200	Some channels are.
2583200	2587200	Some channels can be open, but they are usually closed.
2587200	2595200	And in the skeleton muscle, it's around minus 80 or minus 90 millivolts.
2595200	2598200	These are in the physiological cellular condition.
2598200	2601200	But we said resting potential.
2601200	2607200	When you are on experiments, you have to define which is your level of resting potential.
2607200	2616200	So if you study a voltage-gated calcium channel, you put your resting potential,
2616200	2622200	maybe around minus 70 or minus 80, because you are sure that at this potential,
2622200	2625200	they will activate the channel.
2625200	2627200	And then you find your...
2627200	2631200	For example, if you study chloride channel, you can put a zero.
2631200	2633200	So it depends on the channel.
2633200	2636200	You choose your experimental condition.
2636200	2638200	Okay?
2638200	2660200	Here.
2660200	2666200	This is how they got their activation.
2666200	2668200	So you have...
2668200	2676200	In this case here, they choose a minus 120 millivolts resting potential.
2676200	2684200	Then for 40 millisecond, they depolarize the cell to different voltage of the first 20 millivolts.
2684200	2685200	Okay?
2685200	2693200	For a few steps, you see trace of recording, and then increasing,
2693200	2701200	and then coming back to the decreasing, and then increasing back again.
2701200	2705200	And then they measure the intensity at the peak here,
2705200	2707200	and they plot the ID curve.
2707200	2710200	This is the ID curve.
2710200	2715200	And using this ID curve, this is the max, this is the I max.
2715200	2716200	Okay?
2716200	2718200	And the conductance formula.
2718200	2723200	They can plot this activation curve.
2723200	2724200	Okay?
2724200	2726200	You can plot the activation curve.
2726200	2727200	You can take the slope.
2727200	2728200	It's here.
2728200	2732200	You can take the half of the voltage.
2732200	2736200	And you can see what is called the activation curve.
2736200	2737200	Okay?
2737200	2741200	And you can measure the activation curve in different conditions.
2741200	2751200	In this case for this channel, you see that some point mutation can affect the activation curve.
2751200	2752200	Okay?
2752200	2760200	And then this plot going from 1 to 0 is called the static inactivation.
2760200	2761200	Okay?
2761200	2766200	So it's a little bit more complex protocol, where you have a priorization,
2766200	2776200	then you memorize a different voltage, and come back to a more positive voltage.
2776200	2777200	Okay?
2777200	2779200	So we measure here.
2779200	2785200	From here to here, you have an after, and this will be what is called the inactivation
2785200	2786200	curve.
2786200	2789200	And the structural challenge of closing.
2789200	2790200	Okay?
2790200	2793200	And it's inactivation curve.
2793200	2795200	Mine stays here.
2795200	2797200	There is no change in the mutation.
2797200	2805200	In this paper that we are studying, then we see a change in this curve.
2805200	2806200	Okay?
2806200	2815200	By comparing the skate and the mouse or the mammalian G. Okay?
2815200	2816200	Again.
2816200	2826200	And if you plot both curves on the same graph, so the activation curve and the inactivation
2826200	2832200	curve, you can observe, if you measure the area here under both curves, it's called the
2832200	2833200	window current.
2833200	2840200	And the window current is a fraction of voltage, where you have a small proportion of channels
2840200	2848200	that are constantly open, and enable a constant influence of traction inside the set.
2848200	2849200	Okay?
2849200	2858200	Let's go back to the paper.
2858200	2859200	Yeah.
2859200	2860200	Okay?
2860200	2872200	So the first, just by electrophysiology, they can characterize that there is one entire
2872200	2884200	calcium channel in this cell here of the receptor cell.
2884200	2886200	Okay?
2886200	2892200	Let's look this later.
2892200	2904200	Then what they did, and this is something that nobody could do 10 years ago or even more,
2904200	2907200	they did an RNA sequencing of the cells.
2907200	2908200	Okay?
2908200	2920200	And they, of these electrosensory cells, and they could see or discover two genes that
2920200	2925200	are specifically expressed in these sensory cells.
2925200	2936200	So they measure the genes, the different voltage-getted calcium channels, and you can see that they,
2937200	2944200	in the ampoulae, they compare with other tissue, the canal that's in the liver and different
2944200	2945200	tissue.
2945200	2952200	But in the ampoulae, they have a very strong expression of the CAD-143.
2952200	2953200	Okay?
2953200	2957200	And they also see this beta channel.
2957200	2960200	But we will come back to the beta channel later.
2960200	2961200	Okay?
2961200	2966200	So from a regular argument that you have this gene, you see an antibody.
2966200	2969200	What is an antibody?
2969200	2974200	What is an antibody?
2974200	2975200	Yes?
2975200	2983200	I don't have to take the target, something like this.
2983200	2990200	Yeah, it's a, what does the antibody come from?
2990200	2994200	The cells.
2994200	3000200	The cells are from what system?
3000200	3001200	White blood.
3001200	3005200	Yes, blood cells, what system?
3005200	3008200	What is the system?
3008200	3010200	Cerebratory systems.
3010200	3013200	Cerebratory systems?
3013200	3014200	Immune.
3014200	3016200	Immune system.
3016200	3025640	Okay. From the immune system, as you said, your big cells, which are white blood cells,
3028120	3032280	they secrete antibodies. And what are antibodies made for?
3036280	3042040	What do they target? Yeah, they target something. Anti-gen.
3047160	3054040	They target something that has been tried with your body, and that must be removed.
3054040	3061880	Okay. So, antibodies are very important for your immune system, to protect you from disease.
3063400	3067720	Sometimes, antibodies can be even dangerous for yourself, because they don't match
3067720	3073560	yourself, and make yourself really dangerous for yourself, and your immune system attacks
3073560	3083640	yourself. This is auto-immune disease. But they are also used as tools for research.
3084760	3098040	Why? Why they are used as tools for research? Because they bind one specific antibody,
3098040	3109080	one specific antibody. So, you can fabricate or develop antibodies against any protein you want.
3110920	3121560	They are very selective, and they are also very simple to produce. So, you can produce these cells,
3121880	3127560	these are the clone antibodies that will produce one antibody for one anti-gen,
3128280	3136680	for one single protein, and one at the top, inside a single protein. So, you can detect the protein,
3136680	3143640	use an antibody that you can cover, do some things. What you can do, what you can cover,
3143640	3151960	make a detection, of course, here. Fluorescent. Fluorescent. Fluorescent. Fluorescent molecule,
3151960	3167720	or an enzyme, that makes light. Also uranium, nuclear isotope. Yeah, some people also use isotope,
3167720	3176120	but does anyone want to work with radioactive? Irradiant. Nobody wants to work with radioactive.
3176120	3185000	In fact, like, of course, horseradish peroxidase emits some photo, and you can detect the photos.
3185000	3192040	Okay? So, researchers use antibodies as a means to protect proteins, specific proteins, and that
3192040	3203240	exactly what they do here. They use an antibody that targets CLE 1.3, and its copper is a fluorescent
3203240	3208840	protein, so they go under a fluorescent microscope, and you know what fluorescence, I hope.
3212360	3220520	And in the receptor cells, they can detect the red one, CLE 1.3, they can detect the presence
3221240	3230440	of CLE 1.3. So, they have three evidence, molecular, electrophysiological, and
3233480	3239480	biochemical. Okay? Wow, we have a challenge. Okay? That's not enough to make your
3240440	3246920	paper. So, they want a little bit more in detail. Okay?
3250840	3253240	And that's what they need.
3255880	3261800	No, I will. But that's, they want a little bit more in detail. Okay. I explained this as a
3261800	3267640	supplementary figure, and you should always look also at the supplementary figure. They measure
3267640	3278280	the current using calcium, barium. So, these channels are more permissive to barium. So,
3278280	3285960	the current is higher, or even strontium. Okay? But these are not ions that are formed in our
3285960	3298920	cell. Okay? And they compare the state, so what they could do. Okay? Then the RNA sec.
3301320	3308440	RNA sec. Okay? So, they can sequence the RNA. Once you sequence the RNA, what can you do?
3308520	3315240	So, you have the RNA, or the messenger RNA sequence of a gene. What can you do?
3316680	3317720	These are for biologies.
3321720	3322360	What can you do?
3325960	3333080	You can change this RNA to something. Okay? Before making your paper.
3333400	3335080	You can do what's called
3343080	3350440	transcription. What you heard. So, what's transcription? What do you get?
3350440	3354280	What do you get? That's called?
3364760	3369240	Why is different from the real gene sequence?
3372280	3375640	Yeah, going through. Okay? You have only the coding sequence.
3376600	3383160	So, it's either complementary cDNA or for the DNA. Okay? And then what can you do
3386200	3387720	with this piece of DNA?
3391640	3397080	Okay, yeah. But they already sequence. Trans. Trans. Translation. So, yeah.
3397080	3401480	What kind of a translation? But to make a translation, what do you have to put
3401480	3406040	in the cDNA? In-reversal. No? No, no, no, no.
3410200	3415400	I drew one, one, one, one geometric figure and I, I hope you understand.
3417880	3418920	Plasmid. Yeah.
3422680	3425000	Plasmid. What is a plasmid?
3425000	3437240	Plasmid. Yeah. It's a bacterial DNA. That is a small encyclop. And it's a tool for all biologists,
3437240	3446120	not for only biologists or only biologists. Why? Because you can take this piece of cDNA
3447080	3455640	and insert it in here. And then, as you said, you put them into the cell
3459560	3466360	and it would be expressed as a protein. Okay? It's an expression vector. It's called an
3466360	3470840	expression vector. It's a mean to express a protein in a cell.
3471240	3479080	How you can put a cDNA into a plasmid?
3481720	3483240	I'm sure you have seen this.
3485240	3487800	That is a mean. Yeah, that's just a mean.
3488760	3504920	Yes, restriction design. Okay? So you can cut and you put them into the plasmid.
3505960	3514440	So how and where do you have to put this cDNA so it can be expressed as a protein?
3514680	3519000	Plasmid has a lot of sequences.
3521880	3525240	Yeah, you have to put it downstream one spotter to promote the
3527240	3529720	following the molecular biology course again.
3530680	3538680	But yeah, just to mean. So that's exactly what they need. So they claw the cDNA of the middle
3538680	3548360	scale, CAB 1.3. They put it in a plasmid under the control of a strong promoter,
3548360	3552920	usually CMV, and the viral promoter, so there's a lot of expression.
3553480	3560120	And then they express, they put this plasmid and put it into the cell. What's the name of the
3561080	3569160	technique to put the plasmid DNA in the cell? Transformation. No, it's T, but not transformation.
3569160	3582920	Transformation is compacted. Transformation. No, it's T. Yes. Transfaction. Okay, two-level
3582920	3590600	construction. Maybe you will do one day. So you put a little bit of liposomes, a little bit of
3590600	3598360	lipids around the plasmid, and this helps you to put the plasmid inside the cell. And then the cell
3599720	3609240	that you choose will express CAB 1.3, okay, at the surface of the plasma membrane, and then you
3609240	3616040	can come with your glass pipette and start to measure the current. And that's what they did.
3617080	3619800	Okay, so they measure the current.
3623400	3631160	That's the native cell, so the little scale current recording using calcium, barium, or
3631720	3643400	strontium, okay. That's the clone for S, little scale. Little scale to the similar conditions.
3644120	3651480	And that's, as a control, they use the gene of the rat CAB 1.3, okay.
3652120	3663640	And they add the Nifedipine, which is a blocker of ethyl calcium channels.
3664440	3672680	He, using the little scale CDNA, expressing mammalian cells, they could block, they could see
3672680	3681000	the concentration dependence of the Nifedipine. They use the mnemonitine, another ethyl calcium
3681000	3688520	channel blocker. They do the same using the rat sequence as a control. You always need a control.
3689320	3697320	So they're similar. They're similar, but they are different, okay, and where they are different.
3697320	3702760	And this is a figure of the paper, and this is an important figure, so this remember those who
3702760	3710920	will make the test, okay. So they, they did the apache clump experiments.
3720280	3727000	So they have the CDNA with the CAB 1.3 from the scale and the rat. They put in the cells and
3727080	3728840	they do the apache clump experiment.
3735960	3745640	They have the channel, they use the cell line that is called the HEK, human cells, HEK for human
3745640	3763960	and every other unit, kidney, kidney cells. It's called a cell line, who knows, a mammalian cell line.
3765320	3766840	What cell do you use in the lab?
3767080	3769080	Hello you.
3780920	3788700	Mdm, mdm, vm, vm, vm, vm,singing.
3789400	3791080	Ah, breast cancer?
3791080	3793080	A breast cancer?
3793080	3794080	Yeah.
3794080	3795080	Okay.
3795080	3797080	What is HILA?
3799080	3800080	Yeah.
3800080	3801080	They're all cancer cells.
3801080	3803080	embryonic is an embryo.
3803080	3805080	Immortalized.
3805080	3807080	They are called
3807080	3810080	immoralized
3810080	3813080	because they are always within.
3813080	3816080	As long as you provide them with food.
3816080	3817080	Okay.
3817080	3819080	HILA was the first
3819080	3821080	satellite, I think,
3821080	3822080	historical.
3822080	3824080	HILA is very
3824080	3825080	used a lot
3825080	3827080	because they basically have
3827080	3829080	almost no channel.
3829080	3831080	Just a few potassium channels.
3831080	3834080	So people working on channels
3834080	3836080	with a lot of HILA
3836080	3838080	especially with a lot of potassium channels
3838080	3840080	you can express and you are sure
3840080	3843080	that the calcium current you are measuring
3843080	3845080	is from the CDNA
3845080	3847080	you have
3847080	3849080	that into the cell.
3849080	3851080	And then they do their pastoral experiment.
3851080	3852080	Okay.
3852080	3854080	So they used
3854080	3857080	CID 1.3
3857080	3860080	from the scale
3860080	3862080	and compare
3862080	3864080	from the rat
3864080	3866080	which is a mammalian
3866080	3867080	CID 1.3
3867080	3869080	very similar to the human.
3869080	3870080	Okay.
3870080	3872080	So they use and they compare
3872080	3875080	and they did the same experiment
3875080	3877080	and they plot the ibicar.
3877080	3878080	Okay.
3878080	3880080	And you see here
3880080	3882080	this is the scale
3882080	3883080	in blue,
3883080	3884080	blue scale,
3884080	3885080	red,
3885080	3886080	red.
3886080	3888080	And they plot
3888080	3890080	both ibicar
3890080	3893080	in the same plot.
3893080	3894080	Okay.
3894080	3896080	In the same graph.
3896080	3898080	And what can you see?
3898080	3900080	There is a little difference.
3900080	3902080	They are the same protein
3902080	3904080	but from two different animals
3905080	3907080	to different species
3907080	3909080	that you can see here
3909080	3911080	there is a shift
3911080	3913080	in
3913080	3915080	the peak
3915080	3916080	of the current here.
3916080	3918080	The peak is reached around zero
3918080	3920080	the peak is reached
3920080	3922080	in more negative voltage.
3922080	3925080	The start of the channel opening
3925080	3927080	is more negative than
3927080	3929080	the rat.
3929080	3930080	Okay.
3930080	3932080	So to look
3932080	3933080	at
3933080	3934080	how
3934080	3936080	more in detail
3936080	3938080	they
3939080	3941080	calculate the conductance
3941080	3944080	and they plot the activation curve.
3944080	3946080	They did the other protocol
3946080	3948080	for the inactivation curve
3948080	3950080	and they could see that the inactivation curve
3950080	3952080	has not changed.
3952080	3955080	But what about the activation curve?
3955080	3957080	What can you see here?
3958080	3960080	There is a
3961080	3962080	shift.
3962080	3964080	There is a shift too.
3964080	3966080	For more reacting.
3969080	3971080	Thank you.
3971080	3973080	When you see this
3973080	3975080	you say big grow.
3975080	3977080	When you are a researcher
3977080	3979080	when you see a difference
3979080	3981080	what?
3981080	3983080	Or there is something interesting.
3983080	3985080	That's why when you
3985080	3987080	do your experiments
3987080	3989080	analysis
3989080	3991080	you have to extract
3991080	3993080	all the information
3993080	3995080	you can get from
3995080	3997080	what you have
3997080	3999080	in your
3999080	4000080	recording.
4000080	4002080	This is what we call the
4002080	4004080	they could make two kind of graph
4004080	4006080	one more graph here
4006080	4008080	because they analyze the half
4008080	4010080	activation around here
4010080	4012080	and you can see that the half
4012080	4014080	activation is very different
4014080	4016080	in the rat
4016080	4018080	and the little scale.
4018080	4020080	This is little
4020080	4022080	a not typical difference
4022080	4024080	that makes it
4024080	4026080	become interesting.
4026080	4028080	You have a shift more negative voltage.
4028080	4030080	You have a shift
4030080	4032080	in the half activation voltage.
4034080	4036080	What does it mean? Why?
4036080	4038080	You have the same G
4038080	4040080	but you have
4040080	4042080	a difference
4042080	4044080	being
4044080	4046080	here.
4048080	4050080	So that's the
4050080	4052080	that makes things
4052080	4054080	more interesting
4054080	4056080	and they want to understand
4056080	4058080	the cause
4058080	4060080	of this difference.
4060080	4062080	Now I have to go over
4062080	4064080	to the
4064080	4065080	0
4065080	4067080	before
4067080	4069080	coming back here.
4070080	4072080	Next group
4072080	4074080	here.
4083080	4085080	It's good here.
4087080	4089080	So what is a voltage
4089080	4091080	get a channel?
4091080	4093080	It's a channel that is sensitive
4093080	4095080	to the plasma membrane potential.
4095080	4097080	This is the channel
4097080	4099080	you have a force.
4099080	4101080	In this channel
4101080	4103080	you have what is called
4103080	4105080	a voltage sensor.
4105080	4107080	Voltage sensor in alpha.
4107080	4109080	There is a
4109080	4111080	voltage sensor.
4111080	4113080	There is 4 voltage sensors.
4113080	4115080	Because it's a Petramea.
4115080	4117080	So
4117080	4119080	when you have a change
4119080	4121080	in the plasma membrane
4121080	4123080	this voltage sensor will be moved
4123080	4125080	and it will trigger the
4125080	4127080	opening of the channel.
4127080	4129080	Okay.
4129080	4131080	So
4131080	4133080	let me
4133080	4135080	run.
4135080	4137080	So
4137080	4139080	the
4139080	4141080	entire calcium channel is
4141080	4143080	a Petramea
4143080	4145080	of
4145080	4147080	6
4147080	4149080	1, 2,
4149080	4151080	3, 4, 5,
4151080	4153080	6, maybe something like that.
4153080	4155080	6 alpha elix
4155080	4157080	and the 4 of the channel is here.
4157080	4159080	These alpha elix
4159080	4161080	are named
4163080	4165080	S1 to S5.
4169080	4171080	1, 2, 3,
4171080	4173080	4,
4173080	4175080	5,
4175080	4177080	6.
4177080	4179080	Okay.
4179080	4181080	And
4181080	4183080	n-terminality.
4183080	4185080	This is outside the cell.
4185080	4187080	And you have loops.
4209080	4211080	I explain why I do like this.
4211080	4213080	And this is the
4213080	4215080	n.
4215080	4217080	And this is the c.
4217080	4219080	Okay. And this is called S1,
4219080	4221080	S2, S3,
4221080	4223080	S4.
4223080	4225080	Please remember S4,
4225080	4227080	S5, and S6.
4227080	4229080	Okay.
4229080	4231080	So S5 and 6
4231080	4233080	here.
4235080	4237080	And the loop between S5 and 6
4237080	4239080	are
4239080	4241080	the 4
4241080	4243080	forming
4243080	4245080	alpha elix
4245080	4247080	using this
4247080	4249080	loop. And this
4249080	4251080	makes the selective filter.
4255080	4257080	Okay.
4257080	4259080	And S5
4259080	4261080	usually you can see
4261080	4263080	S4, sorry, S4.
4263080	4265080	You can see S4
4265080	4267080	represented as the alpha elix
4267080	4269080	that have
4269080	4271080	plus charges.
4271080	4273080	Why there are plus charges?
4273080	4275080	Because this alpha elix
4275080	4277080	contains
4277080	4279080	in this structure
4279080	4281080	arginine
4281080	4283080	amino acid
4283080	4285080	which are positive charge in
4285080	4287080	physiological pH.
4287080	4289080	Okay.
4289080	4291080	So this is the
4291080	4293080	S4 and this is the voltage sensor.
4293080	4295080	Okay.
4295080	4297080	Okay.
4297080	4299080	And
4299080	4301080	how is the plasma membrane
4301080	4303080	like this?
4303080	4305080	Okay. And we know the membrane
4305080	4307080	is
4307080	4309080	a little bit more positive
4309080	4311080	outside than inside.
4311080	4313080	A little bit more negative.
4313080	4315080	So plus likes
4315080	4317080	plus or minus.
4317080	4319080	And
4321080	4323080	these are positive charge
4323080	4325080	so they are
4325080	4327080	attracted to the negative.
4327080	4329080	So they are usually
4329080	4331080	how it is exactly placed
4331080	4333080	not well known, but they are
4333080	4335080	attracted to the negative. So they are
4335080	4337080	a little bit more deep inside
4337080	4339080	the membrane.
4339080	4341080	Okay. And when the potential
4341080	4343080	change
4343080	4345080	there is
4345080	4347080	a deparization
4347080	4349080	so this
4349080	4351080	repulse the positive charge
4351080	4353080	and the voltage sensor
4353080	4355080	move a little bit.
4355080	4357080	It's not
4357080	4359080	a strong movement, but it's a movement
4359080	4361080	used in charge
4361080	4363080	attraction repulsion.
4363080	4365080	And this will open
4367080	4369080	the gate.
4369080	4371080	Okay.
4371080	4373080	So the movement
4373080	4375080	of this voltage sensor
4375080	4377080	using the electric
4377080	4379080	to guarantee
4379080	4381080	across the plasma membrane
4381080	4383080	enable the channel
4383080	4385080	to open.
4385080	4387080	It's called the voltage
4387080	4389080	sensor and it's called
4389080	4391080	the
4391080	4393080	gate.
4393080	4395080	Okay. That's very important
4395080	4397080	to remember.
4397080	4399080	So the movement
4399080	4401080	of the voltage sensor
4401080	4403080	because it's positive charge
4403080	4405080	is attracted by the negative charge
4405080	4407080	is moving out
4407080	4409080	when the potential change
4409080	4411080	attracted by the
4411080	4413080	negative charge of the
4413080	4415080	outside of the membrane
4415080	4417080	is open the channel.
4417080	4419080	And when you have reparization
4419080	4421080	it's again
4421080	4423080	no, this is inactivation.
4423080	4425080	Sorry, inactivation.
4425080	4427080	But when there is inactivation
4427080	4429080	or no
4429080	4431080	deactivation
4431080	4433080	the voltage sensor
4433080	4435080	is coming back to its position.
4435080	4437080	Okay.
4437080	4439080	Why people could make a model
4439080	4441080	like this?
4441080	4443080	You cannot see.
4447080	4449080	Now
4449080	4451080	yeah
4451080	4453080	yeah
4453080	4455080	yeah
4455080	4457080	So how people could make a model like this
4457080	4459080	without seeing the structure
4459080	4461080	because they could
4461080	4463080	measure
4463080	4465080	they could measure
4465080	4467080	what's
4467080	4469080	called
4469080	4471080	the gate current
4471080	4473080	and what made it that was
4473080	4475080	in the paper
4475080	4477080	they talk about gate current
4477080	4479080	maybe that confused you
4479080	4481080	or that was difficult to understand.
4481080	4483080	So because there
4483080	4485080	this sensor is positive charge
4485080	4487080	and movement of charge
4487080	4489080	means
4489080	4491080	current
4491080	4493080	some researcher
4493080	4495080	could measure
4495080	4497080	the current of this movement.
4501080	4503080	How?
4503080	4505080	So they found
4505080	4507080	of the potassium channel
4507080	4509080	the
4509080	4511080	potassium channel is there
4511080	4513080	but even in reparation
4513080	4515080	it doesn't open.
4515080	4517080	Okay.
4517080	4519080	So because you don't see the current
4519080	4521080	because the current of the ions
4521080	4523080	it's much much higher
4523080	4525080	than the movement of this
4525080	4527080	but thanks to this mutant
4527080	4529080	they could measure
4529080	4531080	transient
4531080	4533080	current
4533080	4535080	very short and transient current
4535080	4537080	when they depolarize
4537080	4539080	when they depolarize
4539080	4541080	the voltages are moved out
4541080	4543080	so they see positive current
4543080	4545080	and when they deactivate
4545080	4547080	when they
4547080	4549080	compact the potential
4549080	4551080	the voltages are in the back
4551080	4553080	and they could see
4553080	4555080	a negative current
4555080	4557080	and they call this
4563080	4565080	gating current.
4569080	4571080	So
4571080	4573080	they could plot and they could
4573080	4575080	measure the gating current
4575080	4577080	and then they plot
4579080	4581080	the gating current
4581080	4583080	as g are conductance
4583080	4585080	or now they also call it q
4585080	4587080	I don't know why they call it q
4587080	4589080	because the gating charge
4589080	4591080	movement is defined as a q
4591080	4593080	okay
4593080	4595080	and you can see the q
4595080	4597080	the gating charge current
4597080	4599080	in the activation curve
4599080	4601080	it's always
4601080	4603080	before
4603080	4605080	the activation curve
4605080	4607080	of the channel
4607080	4609080	so there is a
4609080	4611080	first the movement
4611080	4613080	of the voltage sensor
4613080	4615080	then the gate open
4615080	4617080	and then you can measure the current
4617080	4619080	okay
4619080	4621080	yes
4625080	4627080	no no if you
4627080	4629080	put them together
4629080	4631080	the q
4631080	4633080	is always more negative
4633080	4635080	than it's always before
4635080	4637080	the gating
4637080	4639080	it's
4639080	4641080	scaling
4641080	4643080	yeah it's normalizing
4645080	4647080	it's normalizing
4647080	4649080	if you don't normalize
4649080	4651080	the q is here and the q is here
4651080	4653080	okay
4653080	4655080	another figure
4655080	4657080	just to
4657080	4659080	show you
4659080	4661080	so you measure the current
4661080	4663080	you can calculate the conductance
4663080	4665080	and normalize the q max
4665080	4667080	this is the gating current
4667080	4669080	and this is
4669080	4671080	a review
4671080	4673080	so how the voltage sensor
4673080	4675080	is exactly moving is not well known
4675080	4677080	now
4677080	4679080	thanks to the crystal structure
4679080	4681080	of the channel
4681080	4683080	they kind of
4683080	4685080	heat how the
4685080	4687080	voltage sensor is moving
4687080	4689080	because they could trap the structure
4689080	4691080	in the claws and the open conformation
4691080	4693080	so they could see that
4693080	4695080	this alpha elix is not in the same position
4695080	4697080	so from the two positions
4697080	4699080	you can try to guess how it's moving
4699080	4701080	it's not moving up and down
4701080	4703080	more like
4703080	4705080	from the side
4705080	4707080	like this
4707080	4709080	so they are trying to make more
4709080	4711080	values
4711080	4713080	okay
4713080	4715080	so how do you
4715080	4717080	calculate q
4717080	4719080	if you don't calculate the intensity
4719080	4721080	you calculate
4721080	4723080	the area under the curve
4723080	4725080	so you make an integral
4725080	4727080	you calculate the area under the curve
4727080	4729080	and it's helping to
4729080	4731080	calculate q
4731080	4733080	your graph
4733080	4735080	okay
4739080	4741080	so it's a small model
4741080	4743080	so it's moving like this
4743080	4745080	okay
4745080	4747080	and what is important to know is that
4747080	4749080	because it has positive charge
4749080	4751080	can positive charge
4751080	4753080	be in a hydrophobic
4753080	4755080	environment
4755080	4757080	so you have water pockets
4757080	4759080	in here
4759080	4761080	in the structure
4761080	4763080	you have water pockets that come inside
4763080	4765080	and this enables this S4
4765080	4767080	to be positively charged
4767080	4769080	here
4773080	4775080	so you have a little bit of water pockets
4775080	4777080	and this is interesting
4777080	4779080	why they could see this water pocket
4779080	4781080	it's because
4781080	4783080	at the same time
4783080	4785080	you can see proton moving
4785080	4787080	across the plasma membrane
4787080	4789080	make kind of
4789080	4791080	proton current
4791080	4793080	and they are measuring this proton current
4793080	4795080	generated by
4795080	4797080	the voltage sensor movement
4797080	4799080	in
4801080	4803080	in the
4803080	4805080	potassium channel
4805080	4807080	and more recently
4809080	4811080	they could observe
4811080	4813080	the movement of the voltage sensor
4813080	4815080	thanks to this technique
4815080	4817080	which I have no idea how it works
4817080	4819080	but by just
4819080	4821080	looking at the graphics
4821080	4823080	to understand
4823080	4825080	it's a Japanese professor
4827080	4829080	you have a gold
4829080	4831080	attached to the channel
4831080	4833080	and the gold will
4833080	4835080	diffract
4835080	4837080	the x-ray
4837080	4839080	you have the image
4839080	4841080	and when the voltage sensor is moving
4841080	4843080	and opening the channel
4843080	4845080	so it's a rotary movement
4845080	4847080	and they could observe the movement
4847080	4849080	of the voltage sensor
4849080	4851080	at one molecule that day
4853080	4855080	this is one of the experiments
4855080	4857080	it's called
4857080	4859080	diffracted
4859080	4861080	x-ray tracking
4861080	4863080	DXT method
4863080	4865080	and this is also
4865080	4867080	for people working
4867080	4869080	with the structure
4869080	4871080	they could see the structure
4871080	4873080	in the open conformation
4873080	4875080	and
4875080	4877080	it moves down
4877080	4879080	so they could see a little
4879080	4881080	a few action
4881080	4883080	movement or a few action difference
4883080	4885080	in the voltage sensor position
4885080	4887080	ok and that's
4887080	4889080	also a strong evidence
4889080	4891080	of the voltage sensor movement
4891080	4893080	so why it's interesting
4893080	4895080	in this case here
4895080	4897080	I come back to the paper
4897080	4899080	so they see a shift
4899080	4901080	in the
4901080	4903080	activation
4903080	4905080	current so it means that
4905080	4907080	the channel is activated
4907080	4909080	at more negative potential
4909080	4911080	so at more negative just changing the potential
4911080	4913080	make the channel to be open
4913080	4915080	ok so why
4915080	4917080	why this is caused by this
4917080	4919080	so they
4919080	4921080	look at
4921080	4923080	the gating current
4923080	4925080	so we don't have return force
4925080	4927080	here is 1.3
4927080	4929080	a drug that blocks the channel
4929080	4931080	it would block the currents
4931080	4933080	the currents are
4933080	4935080	not here but you see
4935080	4937080	you have a small peak here
4937080	4939080	a small peak here
4939080	4941080	this is the gating current
4943080	4945080	there's a small peak here but it's much smaller
4945080	4947080	it's larger in the opening
4947080	4949080	than in the closing
4949080	4951080	and they calculate
4951080	4953080	and they measure
4953080	4955080	this current
4955080	4957080	g and g max
4957080	4959080	over
4959080	4961080	the gating current
4961080	4963080	qon and qmax
4963080	4965080	and you can see here
4965080	4967080	there's a shift
4969080	4971080	in the rat
4971080	4973080	and the little scale
4973080	4975080	what does mean this shift
4979080	4981080	this is the gating current
4981080	4983080	and this is the current of the channel
4985080	4987080	so
4987080	4989080	with less
4989080	4991080	gating current
4991080	4993080	you have more current
4993080	4995080	ok
4995080	4997080	so it means that
4997080	4999080	just a little potential change
4999080	5001080	you open the channel
5001080	5003080	the maximum ok
5003080	5005080	so it means this channel is more sensitive
5005080	5007080	to a change in the potential
5007080	5009080	ok
5009080	5011080	and then they measure the phase current
5011080	5013080	here and they can see also the shift
5013080	5015080	here
5015080	5017080	so
5017080	5019080	this shift is very important
5021080	5023080	so why
5023080	5025080	they have a shift like this
5025080	5027080	oh we already
5027080	5029080	finished the class
5029080	5031080	I need 4 hours
5031080	5033080	sorry
5033080	5035080	ok but I will finish with this
5035080	5037080	because this is
5037080	5039080	the most important
5039080	5041080	and why they could publish to measure
5041080	5043080	because of this finding
5043080	5045080	so why they could observe
5045080	5047080	this change
5047080	5049080	not dramatic
5049080	5051080	this very strong change
5051080	5053080	here
5053080	5055080	and here ok
5055080	5057080	in the phenotype of the channel
5057080	5059080	so as someone said
5059080	5061080	at the beginning of the class
5061080	5063080	they look at the sequence
5063080	5065080	of the amino acid that they compare
5065080	5067080	the amino acid sequence
5067080	5069080	between different species
5069080	5071080	in humans who have zebrafish
5071080	5073080	and what they could see
5073080	5075080	this is the
5075080	5077080	little scape
5077080	5079080	and at the end you see the same amino acid
5079080	5081080	same amino acid
5081080	5083080	but suddenly here
5083080	5085080	you have a few more amino acids
5085080	5087080	and what is
5087080	5089080	KKK
5089080	5091080	it's not the group of clown
5093080	5095080	what?
5095080	5097080	KKK
5097080	5099080	it's a racist
5099080	5101080	no
5101080	5103080	but this is not the KKK
5103080	5105080	this is KKK from little scape
5107080	5109080	what is K?
5109080	5111080	lysine
5111080	5113080	no
5113080	5115080	ok
5115080	5117080	and how
5117080	5119080	what is the charge of the lysine?
5121080	5123080	yeah
5123080	5125080	ok
5125080	5127080	and then you have an R
5127080	5129080	which is
5129080	5131080	someone said
5131080	5133080	ok
5133080	5135080	and where is located this little sequence
5135080	5137080	between
5139080	5141080	the intra
5141080	5143080	the S2
5143080	5145080	and S3
5145080	5147080	of the domain number 4
5147080	5149080	6
5149080	5151080	6
5151080	5153080	and this is number 4
5153080	5155080	alpha x number 2
5155080	5157080	and alpha x number 3
5157080	5159080	and in the loop
5159080	5161080	remember
5161080	5163080	you have
5163080	5165080	in the loop here
5165080	5167080	in the loop here
5167080	5169080	and then you have
5169080	5171080	this is
5171080	5173080	S4
5173080	5175080	let's do like this
5177080	5179080	and
5179080	5181080	let's make
5183080	5185080	in this loop
5185080	5187080	here
5187080	5189080	there is your small difference between
5189080	5191080	RAT
5191080	5193080	and human and little scape
5193080	5195080	just a few amino acids here
5197080	5199080	KKK
5199080	5201080	R
5201080	5203080	ok
5203080	5205080	what does it mean?
5209080	5211080	this
5211080	5213080	this
5213080	5215080	ok
5215080	5217080	you have a little bit of plus around
5217080	5219080	ok
5219080	5221080	let's continue
5221080	5223080	so ok
5223080	5225080	now they have this sequence
5225080	5227080	they made a mutation
5227080	5229080	you can do what is called mutagenesis
5229080	5231080	you can change
5231080	5233080	the sequence and put other amino acids
5233080	5235080	and they put Q
5235080	5237080	for this Q
5237080	5239080	mutagenesis
5239080	5241080	and
5241080	5243080	yeah I forgot
5243080	5245080	sorry
5245080	5247080	ok
5247080	5249080	but
5249080	5251080	they are neutral
5251080	5253080	they are actually neutral
5253080	5255080	so they put a little K
5255080	5257080	scape and they neutralize it
5257080	5259080	it's the red one
5259080	5261080	the white one
5261080	5263080	the neutral
5263080	5265080	but you can see
5265080	5267080	that the shift
5267080	5269080	goes and looks like
5269080	5271080	which one?
5271080	5273080	the red one
5273080	5275080	so they lost the sensitivity
5275080	5277080	they lost the getting sensitivity
5279080	5281080	and what they did
5281080	5283080	they added this sequence
5283080	5285080	into the RAT
5285080	5287080	and what happened
5287080	5289080	this is the RAT
5289080	5291080	the normal RAT
5291080	5293080	the wild type
5293080	5295080	and they could see
5295080	5297080	the appearance of the
5297080	5299080	little scape phenotype
5299080	5301080	ok
5301080	5303080	just a few little amino acids
5303080	5305080	change the phenotype
5305080	5307080	of your channel
5307080	5309080	behavior
5309080	5311080	make more sense if the megaprogram
5311080	5313080	so
5313080	5315080	this evolution
5315080	5317080	make a little custom change
5317080	5319080	when your car
5319080	5321080	you want to add the light
5321080	5323080	and everybody is looking at your car
5323080	5325080	ok
5325080	5327080	that's the same
5327080	5329080	not the same but
5329080	5331080	evolution
5331080	5333080	by having a little change here
5333080	5335080	they made the channel much more sensitive
5335080	5337080	a little change
5337080	5339080	of membrane potential
5339080	5341080	and this little change of membrane potential
5341080	5343080	provide a new function
5343080	5345080	to the little scape
5345080	5347080	and
5347080	5349080	I think in 3 minutes
5349080	5351080	before you go to the RAT
5351080	5353080	why
5353080	5355080	and try to think
5355080	5357080	I know your brain is already
5357080	5359080	tired
5359080	5361080	but
5361080	5363080	try to think a little bit more
5363080	5365080	why
5365080	5367080	just a few was in charge
5367080	5369080	make these voltages
5369080	5371080	more sensitive
5371080	5373080	to a potential change
5373080	5375080	what would happen
5375080	5377080	what is your hypothesis
5377080	5379080	it's already
5379080	5381080	drawn towards the megaprogram
5381080	5383080	why
5383080	5385080	drawn to the
5385080	5387080	not like drawn to the
5387080	5389080	this is supposed to be so
5389080	5391080	more effective
5391080	5393080	but
5393080	5395080	in brain growth you also have
5395080	5397080	positive charge
5397080	5399080	for
5399080	5401080	this positive charge
5401080	5403080	extra repulsion
5403080	5405080	and even the potential
5405080	5407080	is
5407080	5409080	let's say minus 60
5409080	5411080	but in the brain growth
5411080	5413080	context here
5413080	5415080	how can this be
5415080	5417080	who should it be
5417080	5419080	so it's prime
5419080	5421080	the voltage sensor
5421080	5423080	but then you need
5423080	5425080	just a little change
5425080	5427080	and to the moment
5427080	5429080	my best hypothesis
5429080	5431080	of that
5431080	5433080	because in the context here
5433080	5435080	in here you have a
5435080	5437080	positive
5437080	5439080	positive and positive repulsion
5439080	5441080	so of course
5441080	5443080	it repulse here but
5443080	5445080	it change the position
5445080	5447080	of the voltage sensor
5447080	5449080	maybe a more prime
5449080	5451080	or more ready
5451080	5453080	just like you are ready to run
5453080	5455080	okay but if someone push you
5455080	5457080	you will start to be faster
5457080	5459080	okay
5459080	5461080	so that's probably
5461080	5463080	the idea of
5463080	5465080	having a few positive charge
5465080	5467080	near here
5467080	5469080	okay
5469080	5471080	so I will finish here
5471080	5473080	and maybe
5473080	5475080	next week before
5475080	5477080	I talk in the next paper at the end
5477080	5479080	but that's the model
5479080	5481080	so the calcium comes here
5481080	5483080	activates the beta
5483080	5485080	and then blocks
5485080	5487080	and then you have this at great low potential
5487080	5489080	you have this oscillations
5489080	5491080	so if you increase the potential
5491080	5493080	you have more oscillations
5493080	5495080	and more strong
5495080	5497080	sensing
5497080	5499080	from the fish and at the end
5499080	5501080	they need a behavioral experiment
5501080	5503080	when they block the channel
5505080	5507080	the fish were not
5507080	5509080	pharmacologically
5511080	5513080	so the people
5513080	5515080	get lost
5515080	5517080	they are sensing
5517080	5519080	okay
5519080	5521080	and we will see
5521080	5523080	but you can read the paper
5523080	5525080	you will see that in the case of the BK
5525080	5527080	you have two amino acid
5527080	5529080	change
5529080	5531080	and make it
5531080	5533080	very different in term of behavior
5533080	5535080	so this is the little skate
5535080	5537080	this is the mouse
5537080	5539080	you can see that the single channel parent
5539080	5541080	are much different
5541080	5543080	and this is good for
5543080	5545080	just two amino acids
5545080	5547080	here in the bore of the channel
5547080	5549080	okay
5549080	5551080	and what is interesting
5551080	5553080	oh sorry I can hold you
5553080	5555080	you have another sense
5555080	5557080	which is called magnetoreception
5557080	5559080	and this
5559080	5561080	I had many animas
5561080	5563080	to nightly get using
5565080	5567080	the first magnetic field
5567080	5569080	and
5569080	5571080	what is interesting is that
5571080	5573080	in the pigeon
5573080	5575080	which has magnetoreception
5575080	5577080	what they found
5579080	5581080	the same
5581080	5583080	in the same channel
5583080	5585080	the same addition
5585080	5587080	of the picture
5587080	5589080	making maybe this
5589080	5591080	they didn't measure it
5591080	5593080	functionally
5593080	5595080	they just show it
5597080	5599080	the addition of KKK
5599080	5601080	is also present
5601080	5603080	in
5603080	5605080	in this pigeon
5605080	5607080	yes
5607080	5609080	I don't know it's RKKR
5609080	5611080	but same sport
5611080	5613080	picture
5613080	5615080	but it doesn't mean that this is the mechanism
5615080	5617080	of magnetoreception
5617080	5619080	but it gives a very more
5619080	5621080	sensitive system to the pigeon
5621080	5623080	and maybe this is one of the four
5623080	5625080	of the pigeon magnetoreception
5625080	5627080	okay
5627080	5629080	and the last slide so that's the paper
5629080	5631080	so
5631080	5633080	the sweet taste
5633080	5635080	not sweet
5635080	5637080	sour taste
5637080	5639080	so sour taste
5639080	5641080	it's a
5641080	5643080	another channel
5643080	5645080	today we saw the gating mechanism
5645080	5647080	and with this proton
5647080	5649080	channel we see
5649080	5651080	how the channels are selected
5651080	5653080	and how the researcher
5653080	5655080	can define that a channel
5655080	5657080	selected for a single ion
5657080	5659080	or in
